City_ID,City,Lat,Lng,Max Temp,Humidity,Cloudiness,Wind Speed,Country,Date
0,harstad,68.799,16.5293,16.0,92,82,2.26,NO,1690442003
1,bethel,41.3712,-73.414,23.17,86,0,2.06,US,1690442004
2,thunder bay,48.4001,-89.3168,15.99,100,75,0.51,CA,1690442004
3,tiksi,71.6872,128.8694,9.18,66,86,2.47,RU,1690442004
4,tura,25.5198,90.2201,26.36,93,100,2.16,IN,1690442005
5,talnakh,69.4865,88.3972,28.45,41,26,0.63,RU,1690442005
6,uturoa,-16.7333,-151.4333,25.8,84,43,4.06,PF,1690442005
7,albany,42.6001,-73.9662,23.23,85,100,0.45,US,1690442005
8,lavrio,37.7145,24.0565,34.34,53,0,3.23,GR,1690442006
9,valera,9.3178,-70.6036,22.65,93,100,1.94,VE,1690442006
10,hilo,19.7297,-155.09,24.04,97,100,1.54,US,1690442006
11,pitimbu,-7.4706,-34.8086,23.33,85,61,4.43,BR,1690442007
12,adamstown,-25.066,-130.1015,19.67,60,9,3.56,PN,1690442007
13,nar'yan-mar,67.6713,53.087,22.09,53,53,1.26,RU,1690442007
14,taroa,8.7058,171.2275,27.96,80,100,8.27,MH,1690442008
15,tralee,52.2704,-9.7026,15.54,98,100,2.59,IE,1690442008
16,nova sintra,14.8667,-24.7167,23.1,84,48,5.78,CV,1690442008
17,zhicheng,30.2956,111.5047,32.29,64,15,2.26,CN,1690442008
18,gongzhuling,43.5008,124.8198,28.16,76,99,6.7,CN,1690441842
19,grytviken,-54.2811,-36.5092,0.78,99,100,5.42,GS,1690441851
20,quimili,-27.6333,-62.4167,10.45,69,56,2.85,AR,1690442009
21,blackmans bay,-43.0167,147.3167,12.63,62,100,2.72,AU,1690442009
22,hasaki,35.7333,140.8333,37.38,75,6,6.68,JP,1690442010
23,puerto natales,-51.7236,-72.4875,-2.91,95,99,1.18,CL,1690442010
24,qulsary,46.9531,54.0198,33.55,24,0,4.74,KZ,1690442010
25,edinburgh of the seven seas,-37.0676,-12.3116,10.05,62,87,9.16,SH,1690442011
26,port-aux-francais,-49.35,70.2167,4.58,86,57,15.14,TF,1690442011
27,longyearbyen,78.2186,15.6401,11.91,71,40,4.12,SJ,1690442011
28,kerikeri,-35.2268,173.9474,10.51,87,58,1.34,NZ,1690441867
29,carnarvon,-24.8667,113.6333,18.67,48,0,7.03,AU,1690441802
30,kodiak,57.79,-152.4072,12.73,88,100,3.6,US,1690442012
31,flin flon,54.7682,-101.865,9.96,95,100,4.67,CA,1690442012
32,axim,4.8699,-2.2405,24.54,90,100,1.98,GH,1690442013
33,waitangi,-43.9535,-176.5597,7.68,54,63,7.22,NZ,1690442013
34,susuman,62.7833,148.1667,9.02,84,100,2.74,RU,1690442013
35,ta`u,-14.2336,-169.5144,25.6,74,100,7.41,AS,1690442014
36,mujiayingzi,42.1167,118.7833,31.98,41,63,3.9,CN,1690442014
37,whakatane,-37.9585,176.9854,9.87,97,21,0.45,NZ,1690442014
38,novaya igirma,57.1334,103.9112,26.17,49,100,1.69,RU,1690442014
39,praia da vitoria,38.7333,-27.0667,23.14,88,20,3.5,PT,1690442015
40,papatowai,-46.5619,169.4708,7.14,83,100,6.8,NZ,1690442015
41,banning,33.9256,-116.8764,29.82,51,0,1.92,US,1690442015
42,ketchikan,55.3422,-131.6461,16.26,82,100,0.0,US,1690442015
43,port mathurin,-19.6833,63.4167,23.74,78,99,7.96,MU,1690442016
44,ponta pora,-22.5361,-55.7256,18.04,59,100,2.07,BR,1690441975
45,bandarbeyla,9.4942,50.8122,29.26,51,9,12.98,SO,1690442016
46,metlili chaamba,32.2667,3.6333,28.52,51,0,7.72,DZ,1690442016
47,port lincoln,-34.7333,135.8667,17.85,67,56,7.17,AU,1690442017
48,haiku-pauwela,20.9219,-156.3051,24.47,86,40,6.17,US,1690442017
49,abu jibeha,11.4562,31.2285,24.07,81,100,2.15,SD,1690442017
50,vorgashor,67.5833,63.95,17.12,81,100,2.02,RU,1690442017
51,toliara,-23.35,43.6667,23.18,37,0,5.24,MG,1690442018
52,newman,37.3138,-121.0208,24.99,68,0,0.45,US,1690442018
53,iqaluit,63.7506,-68.5145,4.85,87,20,1.03,CA,1690442018
54,jincheng,35.5022,112.8328,32.34,38,100,5.13,CN,1690441967
55,ust-nera,64.5667,143.2,13.75,56,97,2.7,RU,1690442019
56,puerto baquerizo moreno,-0.9,-89.6,23.8,82,100,5.39,EC,1690442019
57,ribeira grande,38.5167,-28.7,23.22,94,75,5.14,PT,1690442019
58,arraial do cabo,-22.9661,-42.0278,20.74,90,11,9.26,BR,1690442020
59,rongelap,11.1635,166.8941,28.69,78,100,8.12,MH,1690442020
60,sandnessjoen,66.0217,12.6316,16.29,94,75,1.54,NO,1690442020
61,punta arenas,-53.15,-70.9167,-1.36,85,10,3.57,CL,1690442011
62,port augusta,-32.5,137.7667,19.12,49,100,4.39,AU,1690442020
63,vanimo,-2.6741,141.3028,27.01,80,100,1.12,PG,1690442021
64,eastham,41.8301,-69.9739,23.88,82,100,1.79,US,1690442021
65,muroto-misakicho,33.2833,134.15,29.27,71,5,2.36,JP,1690442021
66,thompson,55.7435,-97.8558,12.09,94,100,5.14,CA,1690442021
67,pavilosta,56.8879,21.1859,17.95,65,99,4.77,LV,1690442022
68,birao,10.2849,22.7882,24.92,79,100,0.88,CF,1690442023
69,loma de cabrera,19.4333,-71.6,23.16,85,100,0.29,DO,1690442023
70,bilibino,68.0546,166.4372,10.8,72,89,1.61,RU,1690442023
71,hawaiian paradise park,19.5933,-154.9731,23.91,97,100,1.54,US,1690442023
72,whitehorse,60.7161,-135.0538,16.01,86,100,2.24,CA,1690441881
73,ilulissat,69.2167,-51.1,8.01,71,40,2.06,GL,1690442024
74,lensk,60.7253,114.9278,28.63,46,91,4.36,RU,1690442024
75,porto novo,6.4965,2.6036,25.9,90,98,2.83,BJ,1690442002
76,bredasdorp,-34.5322,20.0403,10.8,84,0,2.16,ZA,1690442025
77,colonia,50.9333,6.95,16.6,90,100,5.14,DE,1690441774
78,chibougamau,49.9168,-74.3659,12.79,76,0,2.17,CA,1690442025
79,mexia,31.6799,-96.4822,28.83,67,0,3.09,US,1690442025
80,sidi khaled,34.387,4.9879,28.38,49,0,5.68,DZ,1690441969
81,lupane,-18.9315,27.807,18.8,43,0,1.66,ZW,1690442026
82,chonchi,-42.6128,-73.8092,7.84,98,100,1.85,CL,1690442026
83,zhigalovo,54.8097,105.1578,23.63,52,100,2.73,RU,1690442026
84,finsterwalde,51.6333,13.7167,17.88,67,100,3.89,DE,1690442027
85,kismayo,-0.3582,42.5454,26.67,69,85,7.31,SO,1690442027
86,isafjordur,66.0755,-23.124,7.02,76,75,5.14,IS,1690442028
87,port elizabeth,-33.918,25.5701,16.16,72,0,7.2,ZA,1690441975
88,qaqortoq,60.7167,-46.0333,6.86,77,91,2.9,GL,1690442028
89,tazovsky,67.4667,78.7,21.35,61,12,1.33,RU,1690442028
90,basni,27.1667,73.65,27.28,75,100,2.43,IN,1690442029
91,diego de almagro,-26.3667,-70.05,10.54,80,100,0.27,CL,1690442029
92,port moresby,-9.4431,147.1797,24.58,84,94,6.6,PG,1690442029
93,afaahiti,-17.75,-149.2833,23.93,84,62,3.61,PF,1690442030
94,lebu,-37.6167,-73.65,8.76,88,100,1.46,CL,1690442030
95,polyarnyy,69.1989,33.4478,12.05,90,100,0.78,RU,1690442030
96,dakhla,23.6848,-15.958,20.01,88,0,11.32,EH,1690442030
97,teloloapan,18.35,-99.85,15.73,95,100,1.35,MX,1690442031
98,coquimbo,-29.9533,-71.3436,13.73,87,100,1.72,CL,1690441979
99,vredendal,-31.6683,18.5012,13.79,74,85,2.01,ZA,1690442031
100,choyr,46.3611,108.3611,26.84,25,8,4.11,MN,1690442031
101,puerto princesa,9.7392,118.7353,27.99,89,75,3.09,PH,1690441853
102,cabo san lucas,22.8909,-109.9124,29.23,81,87,2.68,MX,1690442032
103,chernyshevskiy,63.0128,112.4714,23.94,43,69,4.24,RU,1690442032
104,minas de marcona,-15.2119,-75.1103,11.39,90,43,4.79,PE,1690442033
105,nemuro,43.3236,145.575,18.93,92,100,3.68,JP,1690442033
106,jiagedaqi,50.4167,124.1167,18.58,98,100,3.06,CN,1690442034
107,la sarre,48.8002,-79.1996,12.82,97,27,2.53,CA,1690442034
108,port blair,11.6667,92.75,31.02,74,40,6.17,IN,1690442034
109,borrazopolis,-23.9411,-51.5875,15.0,89,28,1.26,BR,1690442034
110,laojunmiao,39.8333,97.7333,30.72,11,0,4.28,CN,1690442035
111,kudahuvadhoo,2.6708,72.8944,28.02,78,85,3.02,MV,1690442035
112,hwange,-18.3693,26.5019,19.35,49,0,2.99,ZW,1690442035
113,novohrad-volynskyi,50.5941,27.6165,14.54,94,100,6.36,UA,1690442036
114,upper grand lagoon,30.1633,-85.7408,26.72,88,0,0.0,US,1690442036
115,bridlington,54.0831,-0.1919,17.16,95,100,0.89,GB,1690442036
116,carauari,-4.8828,-66.8958,22.74,73,21,0.19,BR,1690442037
117,anadyr,64.75,177.4833,12.28,87,100,2.68,RU,1690442037
118,san antonio de pale,-1.4014,5.6325,22.7,90,88,5.13,GQ,1690442037
119,srednyaya akhtuba,48.7089,44.8667,33.81,23,0,3.05,RU,1690442038
120,katihar,25.5333,87.5833,34.69,52,100,4.71,IN,1690442038
121,yellowknife,62.456,-114.3525,18.29,48,20,2.57,CA,1690442038
122,piton saint-leu,-21.2196,55.3151,24.04,69,40,5.14,RE,1690442039
123,caleta de carquin,-11.0925,-77.6267,18.95,83,71,3.71,PE,1690442039
124,ituango,7.1712,-75.764,16.55,98,100,0.51,CO,1690442039
125,chinchilla,-26.75,150.6333,19.11,41,0,3.24,AU,1690442039
126,shar,49.5886,81.0453,29.69,25,100,4.23,KZ,1690442040
127,aripuana,-9.1667,-60.6333,20.63,64,12,0.58,BR,1690442040
128,kodinsk,58.6881,99.1844,26.79,45,43,3.09,RU,1690442040
129,bengkulu,-3.8004,102.2655,29.2,67,80,5.38,ID,1690441840
130,woodward,36.4337,-99.3904,27.57,41,0,6.17,US,1690442041
131,fortaleza,-3.7227,-38.5247,25.07,83,20,3.09,BR,1690442041
132,soto la marina,23.7667,-98.2167,24.01,86,0,2.23,MX,1690442042
133,palmer,42.1584,-72.3287,22.34,79,0,3.09,US,1690442042
134,hermanus,-34.4187,19.2345,12.27,81,4,4.05,ZA,1690442042
135,la passe,45.5549,-0.8967,20.13,85,16,3.84,FR,1690442042
136,darwin,-12.4611,130.8418,27.99,51,40,3.09,AU,1690442043
137,bedford,52.1346,-0.4663,18.84,96,75,7.72,GB,1690441893
138,ushuaia,-54.8,-68.3,-1.19,80,40,3.09,AR,1690442043
139,ad dabbah,18.05,30.95,34.98,37,62,7.39,SD,1690442043
140,telenesti,47.4997,28.3656,17.46,73,100,9.24,MD,1690442044
141,tolanaro,-25.0319,46.9987,21.06,51,77,5.72,MG,1690442044
142,badger,64.8,-147.5333,23.95,73,0,0.0,US,1690442044
143,oyo,7.85,3.9333,23.2,93,90,2.47,NG,1690441788
144,rio grande,-32.035,-52.0986,9.41,88,19,6.16,BR,1690442045
145,kingston,17.997,-76.7936,27.36,89,97,0.45,JM,1690442045
146,acarau,-2.8856,-40.12,24.54,88,5,6.37,BR,1690442045
147,inari,68.906,27.0288,16.11,67,96,1.27,FI,1690442046
148,invercargill,-46.4,168.35,7.51,79,100,4.46,NZ,1690442050
149,fort wellington,6.4,-57.6,25.0,91,10,2.14,GY,1690442051
150,faya-largeau,17.9257,19.1043,31.94,48,0,3.09,TD,1690442051
151,nacala,-14.5428,40.6728,25.62,57,40,8.23,MZ,1690442051
152,san fernando de apure,7.8878,-67.4724,22.77,97,94,1.52,VE,1690442052
153,tofol,5.3248,163.0078,27.76,78,100,1.92,FM,1690442052
154,stanley,54.868,-1.6985,14.84,92,100,1.03,GB,1690441836
155,avarua,-21.2078,-159.775,20.03,88,100,0.51,CK,1690442052
156,razole,16.4833,81.8333,27.76,82,100,5.87,IN,1690442053
157,ancud,-41.8697,-73.8203,8.04,95,100,4.0,CL,1690442053
158,st. john's,47.5649,-52.7093,18.21,85,6,2.68,CA,1690441862
159,sinabang,2.4803,96.3801,29.6,69,60,1.6,ID,1690442053
160,mount gambier,-37.8333,140.7667,12.75,84,100,3.64,AU,1690442054
161,lihue,21.9789,-159.3672,27.58,79,20,7.72,US,1690442054
162,lorengau,-2.0226,147.2712,27.72,81,100,4.0,PG,1690442054
163,tokar,18.4254,37.729,35.76,35,7,15.89,SD,1690442054
164,ugoofaaru,5.6667,73.0,28.36,69,100,1.07,MV,1690442055
165,acapulco de juarez,16.8634,-99.8901,28.9,79,75,0.0,MX,1690442055
166,robertsport,6.7533,-11.3686,24.96,86,42,0.73,LR,1690442055
167,remire-montjoly,4.9167,-52.2667,24.02,100,100,0.0,GF,1690441961
168,udachny,66.4167,112.4,18.84,47,100,1.45,RU,1690442056
169,abepura,-2.6333,140.5833,29.45,62,20,1.54,ID,1690442056
170,nadi,-17.8,177.4167,19.0,94,100,2.57,FJ,1690442056
171,sumbawa besar,-8.5,117.4333,31.17,41,12,5.09,ID,1690442056
172,buala,-8.145,159.5921,26.0,88,100,3.53,SB,1690442057
173,atafu village,-8.5421,-172.5159,28.67,76,69,7.33,TK,1690442057
174,kimbe,-5.5502,150.1429,28.44,75,79,3.74,PG,1690442057
175,herceg novi,42.4531,18.5375,25.04,38,0,5.66,ME,1690442057
176,queen creek,33.2487,-111.6343,35.1,44,69,5.36,US,1690442058
177,taoudenni,22.6783,-3.9836,36.47,26,99,3.21,ML,1690442058
178,ulan bator,47.9077,106.8832,25.07,36,40,4.0,MN,1690441845
179,lake munmorah,-33.1936,151.5719,18.13,75,0,0.89,AU,1690442059
180,leer,53.2316,7.461,14.97,94,100,4.24,DE,1690442059
181,petropavlovsk-kamchatsky,53.0452,158.6483,15.33,77,20,7.0,RU,1690441949
182,iskateley,67.6803,53.1512,22.0,53,60,1.24,RU,1690442060
183,nova vicosa,-17.8919,-39.3719,20.55,77,2,0.45,BR,1690442060
184,geraldton,-28.7667,114.6,16.23,72,100,3.09,AU,1690442061
185,nosy varika,-20.5833,48.5333,19.45,67,100,3.13,MG,1690442061
186,chapeco,-27.0964,-52.6183,12.98,96,81,0.92,BR,1690442061
187,mount isa,-20.7333,139.5,24.87,53,75,4.63,AU,1690441873
188,kwang binh,17.4833,106.6,37.6,45,69,3.41,VN,1690442062
189,igarka,67.4667,86.5833,26.78,50,3,3.88,RU,1690442062
190,dabakala,8.3667,-4.4333,22.56,98,100,2.16,CI,1690442062
191,luderitz,-26.6481,15.1594,13.84,52,0,3.41,NA,1690442062
192,hithadhoo,-0.6,73.0833,28.61,77,8,6.55,MV,1690442063
193,port alfred,-33.5906,26.891,14.54,89,23,2.24,ZA,1690442063
194,vettavalam,12.1,79.25,34.47,39,67,9.04,IN,1690442063
195,kas,36.2018,29.6377,35.07,31,0,2.06,TR,1690442064
196,karaisali,37.2567,35.0589,29.65,29,0,2.66,TR,1690442064
197,puerto ayora,-0.7393,-90.3518,24.75,92,100,2.68,EC,1690442064
198,sittwe,20.15,92.9,28.84,81,21,5.56,MM,1690442065
199,taghazout,30.5426,-9.7112,18.43,82,0,0.2,MA,1690442065
200,pisco,-13.7,-76.2167,17.03,82,100,1.03,PE,1690442065
201,magburaka,8.7167,-11.95,22.57,99,77,0.92,SL,1690442066
202,page,36.9147,-111.4558,28.88,26,0,0.0,US,1690442066
203,sai buri,6.7013,101.6168,33.31,53,47,4.85,TH,1690441970
204,nagqu,31.5,92.0,10.43,73,73,4.5,CN,1690441911
205,hailey,43.5196,-114.3153,14.92,44,0,4.12,US,1690442067
206,oltinko'l,40.8011,72.1634,42.56,12,1,3.24,UZ,1690442067
207,hakui,36.8833,136.7833,34.51,65,0,2.5,JP,1690442067
208,olonkinbyen,70.9221,-8.7187,4.78,90,100,5.04,SJ,1690442067
209,niafunke,15.9322,-3.9906,31.6,49,100,7.49,ML,1690442068
210,nuku'alofa,-21.1333,-175.2,20.19,77,75,2.57,TO,1690441832
211,zhanaozen,43.3,52.8,31.04,31,0,3.36,KZ,1690442068
212,queenstown,-31.8976,26.8753,12.61,59,0,2.98,ZA,1690442069
213,mejit,10.2753,170.8646,28.14,81,100,8.94,MH,1690442070
214,alofi,-19.0595,-169.9187,20.94,88,100,1.54,NU,1690442070
215,mugia,43.1041,-9.2179,18.84,80,70,1.95,ES,1690442070
216,yuzhno-kurilsk,44.0306,145.8556,22.42,81,99,0.71,RU,1690442070
217,east london,-33.0153,27.9116,17.16,78,9,7.49,ZA,1690441797
218,college,64.8569,-147.8028,23.99,67,75,0.0,US,1690442071
219,bull savanna,17.8868,-77.5902,25.34,83,69,2.39,JM,1690442071
220,sanctuary point,-35.1114,150.629,17.96,52,0,3.82,AU,1690442071
221,manokwari,-0.8667,134.0833,27.8,78,43,1.9,ID,1690442072
222,severnoye,56.3491,78.3619,26.02,46,72,2.84,RU,1690442072
223,ribeira brava,32.65,-17.0667,21.51,73,2,1.17,PT,1690442072
224,nadym,65.5333,72.5167,26.23,44,100,3.48,RU,1690442072
225,breves,-1.6822,-50.4803,24.06,84,87,1.32,BR,1690442073
226,nuuk,64.1835,-51.7216,7.34,87,100,7.2,GL,1690441859
227,gadzhiyevo,69.2551,33.3362,12.15,89,100,0.77,RU,1690442074
228,tabas,33.5959,56.9244,41.12,11,0,2.06,IR,1690442074
229,olyokminsk,60.3736,120.4264,27.46,48,99,2.85,RU,1690442075
230,dinguiraye,11.3,-10.7167,21.5,95,13,0.77,GN,1690442075
231,aykhal,66.0,111.5,14.3,73,100,4.29,RU,1690442075
232,tamandare,-8.7597,-35.1047,23.4,86,85,1.9,BR,1690442075
233,wailua homesteads,22.0669,-159.378,27.24,84,20,7.72,US,1690442076
234,sydney mines,46.2367,-60.2177,22.11,91,20,3.6,CA,1690442076
235,kenora,49.8167,-94.4337,19.54,94,75,2.68,CA,1690442076
236,inhambane,-23.865,35.3833,22.39,53,5,3.03,MZ,1690442076
237,leninskoye,41.7589,69.3864,40.84,9,3,3.66,KZ,1690442077
238,rebrikha,53.0733,82.3408,28.3,31,100,1.92,RU,1690442077
239,kristiansund,63.1115,7.732,16.03,94,100,3.6,NO,1690442077
240,fale old settlement,-9.3852,-171.2468,28.65,74,57,7.22,TK,1690442078
241,korla,41.7597,86.1469,37.76,15,0,3.75,CN,1690442078
242,kourou,5.1552,-52.6478,24.03,91,56,2.86,GF,1690442078
243,hami,42.8,93.45,40.77,7,0,4.17,CN,1690442008
244,urangan,-25.3,152.9,19.34,66,92,5.7,AU,1690442079
245,al kharj,24.155,47.3346,42.32,9,35,1.51,SA,1690442079
246,desert hot springs,33.9611,-116.5017,36.68,24,0,4.63,US,1690442079
247,huangmei,30.1924,116.025,33.51,60,9,5.28,CN,1690442080
248,merizo village,13.2658,144.6691,29.31,92,100,5.42,GU,1690442080
249,keflavik,64.0049,-22.5624,10.95,81,0,4.63,IS,1690442080
250,port loko,8.7667,-12.7833,25.82,98,90,1.08,SL,1690442080
251,tutoia,-2.7619,-42.2744,24.9,81,3,5.31,BR,1690442081
252,garachico,28.7781,-17.7646,21.06,64,75,4.63,ES,1690442081
253,enewetak,11.3474,162.3373,28.56,78,100,6.37,MH,1690442081
254,bonthe,7.5264,-12.505,24.62,89,99,1.46,SL,1690442081
255,columbus,39.9612,-82.9988,27.11,81,100,6.17,US,1690442082
256,east end,34.5507,-92.341,27.7,92,8,2.23,US,1690442082
257,mulayjah,27.271,48.4242,44.44,7,14,3.18,SA,1690442082
258,manali,13.1667,80.2667,33.05,62,93,8.43,IN,1690442083
259,klyuchi,52.2667,79.1667,19.81,69,100,5.26,RU,1690442083
260,new norfolk,-42.7826,147.0587,13.29,65,100,2.06,AU,1690442083
261,severo-yeniseyskiy,60.3725,93.0408,18.59,83,100,1.79,RU,1690442083
262,meadow lake,34.8014,-106.5436,26.84,45,100,4.29,US,1690442084
263,vernon,50.2581,-119.2691,17.2,62,0,0.51,CA,1690442084
264,wusterhausen,52.8912,12.4602,16.03,66,100,3.72,DE,1690442084
265,nkhotakota,-12.9274,34.2961,22.01,65,12,5.84,MW,1690442085
266,jamestown,42.097,-79.2353,20.81,98,100,4.63,US,1690442085
267,madalena,41.2162,-8.3345,16.97,94,64,1.13,PT,1690442085
268,treasure island,27.7692,-82.769,27.23,80,0,0.45,US,1690442085
269,taro,-8.3862,115.28,24.0,56,16,2.84,ID,1690442086
270,berdigestyakh,62.0989,126.6992,25.01,42,78,2.09,RU,1690442086
271,west island,-12.1568,96.8225,25.99,73,75,10.8,CC,1690442086
272,yingkou,40.6648,122.2283,29.74,66,15,5.78,CN,1690442086
273,selfoss,63.9331,-20.9971,10.58,72,85,4.24,IS,1690442087
274,kurumkan,54.3,110.3,23.76,64,99,2.86,RU,1690442087
275,ad darb,17.7229,42.2526,38.74,28,5,4.61,SA,1690442087
276,vila franca do campo,37.7167,-25.4333,21.23,88,19,2.75,PT,1690442087
277,veselyy,47.0934,40.7422,30.26,29,0,7.97,RU,1690442088
278,gutierrez zamora,20.45,-97.0833,24.93,90,100,1.6,MX,1690442088
279,roma,43.2128,-75.4557,23.74,83,40,2.06,US,1690442088
280,bereznik,62.8551,42.7072,14.7,98,100,3.65,RU,1690442088
281,areka,7.0667,37.7,17.26,89,97,0.88,ET,1690442089
282,soc trang,9.6033,105.98,31.4,62,100,8.81,VN,1690441882
283,masina,-4.3836,15.3914,22.19,64,23,1.97,CD,1690442089
284,shambu,9.5667,37.1,12.38,95,100,1.23,ET,1690442089
285,daru,-9.0763,143.2092,25.52,83,59,8.26,PG,1690442050
286,utrik,11.2278,169.8474,28.5,80,100,8.24,MH,1690442090
287,gornyye klyuchi,45.25,133.5,30.85,53,98,2.57,RU,1690442090
288,patong,7.8961,98.2966,31.08,82,86,7.66,TH,1690442091
289,aleg,17.0481,-13.9209,28.27,61,9,4.55,MR,1690442091
290,brisas de zicatela,15.8369,-97.0419,26.39,80,100,2.64,MX,1690442091
291,sitka,57.0531,-135.33,15.94,82,100,1.54,US,1690442092
292,tambacounda,13.7539,-13.7586,27.03,94,20,2.06,SN,1690442093
293,itoman,26.1247,127.6694,28.0,89,75,7.72,JP,1690441883
294,pontianak,-0.0333,109.3333,32.99,46,20,6.17,ID,1690442039
295,grantsville,40.5999,-112.4644,26.52,32,0,5.66,US,1690442094
296,kapuskasing,49.4169,-82.4331,12.05,100,20,1.54,CA,1690442095
297,lazaro cardenas,17.9583,-102.2,26.47,82,100,1.6,MX,1690442095
298,crane,31.3974,-102.3501,27.93,30,31,4.33,US,1690442095
299,llandudno,53.325,-3.8315,17.22,52,100,1.34,GB,1690442095
300,warrnambool,-38.3833,142.4833,15.4,63,100,6.55,AU,1690442065
301,manta,-0.95,-80.7333,25.56,73,100,5.81,EC,1690441953
302,drohobych,49.3499,23.5056,14.39,92,100,4.66,UA,1690442096
303,kalianget,-7.05,113.9333,28.27,60,76,5.49,ID,1690442097
304,atherton,53.5237,-2.4935,17.9,98,100,0.45,GB,1690442097
305,nenjiang,49.1833,125.2167,21.29,94,100,3.64,CN,1690442097
306,flying fish cove,-10.4217,105.6791,25.82,78,75,6.69,CX,1690442097
307,soio,-6.1349,12.3689,21.86,85,17,3.26,AO,1690442098
308,broken hill,-31.95,141.4333,20.06,33,97,6.12,AU,1690442098
309,olinda,-8.0089,-34.8553,22.85,94,40,1.03,BR,1690442098
310,cam ranh,11.9214,109.1591,29.98,74,40,0.51,VN,1690442048
311,wellington,-41.2866,174.7756,10.81,80,75,7.2,NZ,1690441866
312,sangkhla buri,15.1555,98.4536,28.43,79,99,2.57,TH,1690442099
313,visakhapatnam,17.69,83.2093,29.94,74,75,7.72,IN,1690441503
314,broome,42.2506,-75.833,22.94,89,93,3.13,US,1690442100
315,xining,36.6167,101.7667,24.58,43,92,4.27,CN,1690441917
316,sezanne,48.7205,3.7234,18.88,87,100,7.44,FR,1690442101
317,sao gabriel da cachoeira,-0.1303,-67.0892,22.11,97,99,0.93,BR,1690442101
318,mexico,15.0646,120.7198,27.44,87,100,6.78,PH,1690441421
319,quellon,-43.1167,-73.6167,8.14,93,100,2.06,CL,1690442102
320,torghay,49.6339,63.4981,30.35,32,0,4.12,KZ,1690442102
321,nueva palmira,-33.8833,-58.4167,7.65,83,100,2.72,UY,1690442104
322,yashkul',46.1711,45.3435,31.99,31,0,7.38,RU,1690442104
323,fontanelas,38.8472,-9.4372,19.89,81,75,4.12,PT,1690442105
324,margaret river,-33.95,115.0667,13.71,69,89,5.95,AU,1690442105
325,saldanha,-33.0117,17.9442,13.35,84,100,5.06,ZA,1690442106
326,alesund,62.4723,6.1549,16.61,93,100,4.12,NO,1690441941
327,sur,22.5667,59.5289,31.84,61,100,3.4,OM,1690442106
328,kaifeng,34.7911,114.3483,36.8,33,100,4.74,CN,1690442107
329,callao,-12.0667,-77.15,20.16,77,100,4.12,PE,1690442107
330,champerico,14.3,-91.9167,27.15,79,14,1.49,GT,1690442107
331,alvarado,18.7667,-95.7667,27.23,80,100,1.79,MX,1690442107
332,mazagao,-0.115,-51.2894,24.03,93,5,1.15,BR,1690442108
333,constantia,44.1833,28.65,19.38,74,100,6.18,RO,1690442108
334,fort st. john,56.2499,-120.8529,13.94,94,100,5.66,CA,1690442108
335,jose maria morelos,23.3952,-103.8984,14.83,85,100,2.36,MX,1690442109
336,merowe,18.4833,31.8167,35.48,35,81,7.86,SD,1690442109
337,fisterra,42.9049,-9.2629,18.75,78,97,1.56,ES,1690442109
338,chicoana,-25.1009,-65.5331,6.14,79,0,0.71,AR,1690442109
339,richards bay,-28.783,32.0377,19.96,67,0,2.58,ZA,1690442110
340,carahue,-38.7,-73.1667,6.79,93,100,0.81,CL,1690442110
341,jayapura,-2.5333,140.7,29.66,88,100,1.43,ID,1690442093
342,vadso,70.0744,29.7487,13.49,93,100,3.6,NO,1690442111
343,miles city,46.4083,-105.8406,25.54,22,0,9.77,US,1690442111
344,hamilton,39.1834,-84.5333,26.97,72,40,5.14,US,1690442064
345,vilyuchinsk,52.9306,158.4028,16.15,87,100,2.8,RU,1690442112
346,tumayr,25.7039,45.868,41.69,8,85,5.27,SA,1690442112
347,tagta,41.6504,59.9164,36.09,25,77,5.68,TM,1690442112
348,kill devil hills,36.0307,-75.676,27.77,88,0,3.6,US,1690442112
349,tonekabon,36.8163,50.8738,27.97,71,28,2.38,IR,1690442113
350,petawawa,45.9001,-77.3328,18.77,95,100,2.0,CA,1690442113
351,fegyvernek,47.2667,20.5333,18.33,48,0,2.0,HU,1690442113
352,ponta delgada,37.7333,-25.6667,21.4,88,20,3.09,PT,1690441847
353,usogorsk,63.4106,48.6872,19.33,66,100,4.42,RU,1690442114
354,amga,60.8953,131.9608,24.57,38,100,2.48,RU,1690442114
355,souillac,-20.5167,57.5167,25.21,73,40,4.63,MU,1690442114
356,khovd,48.0056,91.6419,28.33,22,72,4.72,MN,1690442115
357,touros,-5.1989,-35.4608,23.64,91,64,4.87,BR,1690442115
358,mount pleasant,32.7941,-79.8626,25.56,96,0,0.0,US,1690442116
359,asasa,7.1,39.2,17.63,75,64,2.46,ET,1690442116
360,louga,58.7372,29.8453,19.15,62,100,2.71,RU,1690442116
361,zagora,30.3484,-5.8365,33.29,9,0,0.69,MA,1690442117
362,lata,40.1629,-8.3327,17.26,90,100,1.61,PT,1690442117
363,nanao,37.05,136.9667,34.54,66,0,2.57,JP,1690441869
364,valparaiso,-33.0393,-71.6273,8.8,93,0,1.03,CL,1690442118
365,luena,-11.7833,19.9167,19.75,30,1,3.04,AO,1690442118
366,auki,-8.7676,160.7034,25.33,91,100,1.53,SB,1690442118
367,rabaul,-4.1967,152.1721,28.42,78,100,5.36,PG,1690442118
368,dwarka,22.2394,68.9678,28.88,81,100,8.78,IN,1690442119
369,mana,5.6592,-53.7767,24.36,91,100,2.85,GF,1690442119
370,yondo,7.0062,-73.9097,23.95,97,100,0.42,CO,1690442119
371,piti village,13.4626,144.6933,29.49,88,40,6.69,GU,1690442119
372,sinjar,36.3209,41.8754,38.19,12,0,4.84,IQ,1690442120
373,kasempa,-13.4584,25.8338,18.96,40,0,4.62,ZM,1690442120
374,ad dilam,23.9915,47.1627,42.23,9,83,1.56,SA,1690442121
375,saipan,15.1355,145.701,28.69,100,40,5.36,MP,1690441959
376,dehdasht,30.7949,50.5646,39.03,8,0,2.07,IR,1690442121
377,evanston,42.0411,-87.6901,24.42,90,0,0.0,US,1690442122
378,opuwo,-18.0607,13.84,19.33,31,6,0.77,NA,1690442122
379,tinogasta,-28.0632,-67.5649,8.52,62,100,1.12,AR,1690442123
380,barcelos,41.5388,-8.6151,17.73,90,21,1.63,PT,1690442123
381,tsukumiura,33.0706,131.8572,27.71,62,0,4.62,JP,1690442123
382,georgetown,5.4112,100.3354,32.96,66,20,4.12,MY,1690441843
383,okha,53.5739,142.9478,15.18,88,96,3.62,RU,1690442124
384,gwadar,25.1216,62.3254,29.42,75,62,5.19,PK,1690442124
385,kataysk,56.289,62.5841,25.9,46,48,3.37,RU,1690441969
386,fredericksburg,38.3032,-77.4605,25.45,93,0,2.06,US,1690442124
387,reggane,26.7158,0.1714,38.29,13,5,2.53,DZ,1690442125
388,papao,-17.75,-149.55,24.82,81,28,1.02,PF,1690442125
389,coahuayana de hidalgo,18.7,-103.6583,26.45,85,100,1.24,MX,1690442126
390,chamical,-30.36,-66.314,10.36,53,100,2.0,AR,1690442126
391,timbuktu,16.7735,-3.0074,32.46,37,94,5.71,ML,1690442126
392,westport,41.1415,-73.3579,25.42,90,20,4.63,US,1690442127
393,ulsteinvik,62.3432,5.8487,16.61,93,90,3.58,NO,1690442127
394,kyzyl-kyya,40.2568,72.1279,37.4,13,0,5.29,KG,1690442127
395,eidson road,28.6772,-100.487,30.65,45,2,7.37,US,1690442128
396,kalach,50.4258,41.0261,29.8,38,4,6.0,RU,1690442061
397,takanabe,32.1333,131.5,30.06,71,19,2.78,JP,1690442033
398,ust-tsilma,65.441,52.1498,23.25,47,95,1.58,RU,1690442128
399,tamanrasset,22.785,5.5228,30.95,10,0,8.23,DZ,1690442129
400,sao felix do xingu,-6.6447,-51.995,22.66,57,60,0.35,BR,1690442129
401,alakurtti,66.9672,30.3491,18.4,60,98,1.26,RU,1690442129
402,okhotsk,59.3833,143.3,18.75,80,20,4.4,RU,1690442130
403,sterling,39.0062,-77.4286,25.85,88,0,3.6,US,1690441913
404,oakdale,44.963,-92.9649,25.65,89,0,2.57,US,1690442130
405,uiju,40.1994,124.5317,25.6,88,100,3.86,KP,1690442131
406,villefontaine,45.6125,5.1456,20.62,55,0,3.09,FR,1690442131
407,kaya,13.0917,-1.0844,28.39,60,100,4.84,BF,1690442131
408,pangkalanbuun,-2.6833,111.6167,32.95,43,22,3.01,ID,1690442131
409,bay harbor,30.1471,-85.6146,26.68,89,0,0.0,US,1690442132
410,san pedro tapanatepec,16.35,-94.2,26.47,74,78,1.75,MX,1690442132
411,jibou,47.2667,23.25,14.62,63,34,6.65,RO,1690442132
412,gulnar,36.3415,33.3992,30.27,21,0,1.74,TR,1690442133
413,malvan,16.0667,73.4667,25.38,91,100,8.4,IN,1690442133
414,helensburgh,56.0061,-4.7265,14.69,99,100,0.45,GB,1690442134
415,aasiaat,68.7098,-52.8699,3.08,95,20,4.54,GL,1690442134
416,nogliki,51.8333,143.1667,21.82,77,88,4.46,RU,1690442134
417,rawson,-43.3002,-65.1023,4.18,70,100,1.62,AR,1690442053
418,sogndal,61.2283,7.1003,15.21,87,75,0.0,NO,1690442135
419,imbituba,-28.24,-48.6703,16.9,82,90,6.26,BR,1690442135
420,bornu yassu,12.2774,12.5552,29.37,54,98,6.0,NG,1690442135
421,geneina,13.45,22.45,25.91,67,100,4.85,SD,1690442135
422,arteche,12.2645,125.4048,31.77,61,100,3.25,PH,1690442136
423,chita,52.0333,113.55,17.94,93,40,3.0,RU,1690442127
424,howard springs,-12.497,131.047,27.95,38,95,1.91,AU,1690442136
425,island harbour,50.724,-1.2758,18.42,96,100,2.68,GB,1690442137
426,akureyri,65.6835,-18.0878,7.96,76,75,2.06,IS,1690441983
427,misratah,32.3754,15.0925,28.7,62,0,6.8,LY,1690442125
428,scarborough,54.2797,-0.4044,16.76,92,100,0.89,GB,1690441893
429,muynoq,43.7683,59.0214,32.43,35,90,4.73,UZ,1690442138
430,federal,-30.9547,-58.7833,7.34,70,99,2.5,AR,1690442138
431,kinablangan,7.6947,126.5503,27.97,83,100,2.7,PH,1690442138
432,galliano,29.4422,-90.2992,25.0,77,0,1.57,US,1690442139
433,petauke,-14.2426,31.3253,19.75,51,0,2.64,ZM,1690442119
434,mar del plata,-38.0023,-57.5575,8.38,91,35,8.05,AR,1690441939
435,malango,-2.9627,119.9001,26.66,62,21,2.17,ID,1690442139
436,vershino-darasunskiy,52.35,115.5167,21.06,55,82,2.33,RU,1690442140
437,cheongju-si,36.6372,127.4897,32.98,55,40,2.06,KR,1690441620
438,zalingei,12.9096,23.4741,24.72,71,100,2.41,SD,1690442140
439,la ronge,55.1001,-105.2842,12.14,82,100,4.63,CA,1690442141
440,nanchang,28.6833,115.8833,33.74,55,28,4.95,CN,1690441960
441,wenzhou,27.9994,120.6668,24.29,98,100,2.69,CN,1690441926
442,chinde,26.8418,88.0763,23.97,79,96,2.06,NP,1690442141
443,niquero,20.0431,-77.5828,26.8,82,55,1.8,CU,1690442142
444,connersville,39.6412,-85.1411,25.39,84,0,4.47,US,1690442143
445,lerwick,60.1545,-1.1494,13.0,78,7,1.36,GB,1690442143
446,dapa,9.7594,126.0531,30.04,64,90,0.5,PH,1690442144
447,aktau,43.65,51.2,33.32,49,0,1.61,KZ,1690441857
448,yazman,29.1212,71.7446,31.98,64,100,4.93,PK,1690442144
449,victorica,-36.2151,-65.4359,5.89,65,45,5.6,AR,1690442144
450,vorkuta,67.5,64.0,17.24,81,100,1.92,RU,1690441979
451,kone,-21.0595,164.8658,19.74,61,36,4.5,NC,1690442145
452,katsuura,35.1333,140.3,28.02,74,4,5.43,JP,1690442145
453,cidreira,-30.1811,-50.2056,12.79,87,100,4.94,BR,1690442145
454,dalandzadgad,43.5708,104.425,30.2,17,47,0.96,MN,1690442146
455,wuyang,31.9925,116.2472,33.21,63,57,4.54,CN,1690442147
456,okondja,-0.6549,13.6753,25.57,72,10,1.35,GA,1690442147
457,beswan,27.65,77.8833,32.31,62,100,1.79,IN,1690442147
458,dali,25.7,100.1833,26.13,54,92,2.99,CN,1690442071
459,la rinconada,37.4873,-5.9826,21.65,83,75,4.12,ES,1690441861
460,villa de soto,-30.8552,-64.9995,8.0,49,100,2.72,AR,1690442148
461,lompoc,34.6391,-120.4579,14.73,96,100,2.57,US,1690442148
462,san patricio,28.017,-97.5169,29.92,82,0,4.94,US,1690442149
463,malakanagiri,18.35,81.9,26.51,93,100,3.32,IN,1690442149
464,goondiwindi,-28.55,150.3167,17.32,43,0,1.58,AU,1690442149
465,arawa,-6.2132,155.5367,27.45,88,78,2.03,PG,1690442150
466,chaah,2.249,103.048,31.72,60,100,3.04,MY,1690442116
467,craig,40.5153,-107.5464,15.79,71,0,0.0,US,1690442150
468,bristol,41.8334,-71.1662,23.12,83,0,2.06,US,1690442150
469,portland,45.5234,-122.6762,19.99,68,40,4.63,US,1690442151
470,alaghsas,17.0187,8.0168,29.94,58,89,4.12,NE,1690442151
471,tangalle,6.024,80.7911,30.81,62,95,6.94,LK,1690442151
472,holualoa,19.6228,-155.9522,25.48,84,20,3.09,US,1690442152
473,saint-philippe,-21.3585,55.7679,23.77,74,58,5.03,RE,1690442152
474,komsomol'skiy,43.9783,46.6985,31.12,35,0,9.83,RU,1690442152
475,santyoku,37.4406,129.1708,29.86,65,96,2.46,KR,1690442152
476,new baltimore,42.6811,-82.7369,22.24,96,75,3.6,US,1690442153
477,karatau,43.1667,70.4667,37.29,16,65,5.94,KZ,1690442153
478,shimoda,34.6667,138.95,30.2,72,44,4.07,JP,1690442153
479,ebon,4.582,168.6964,28.33,71,36,1.71,MH,1690442154
480,lishu,43.3047,124.3278,27.97,78,100,6.53,CN,1690442154
481,labrador city,52.9463,-66.9114,12.95,88,40,6.17,CA,1690442154
482,weno,7.4515,151.8468,28.36,75,69,5.46,FM,1690442155
483,yorkton,51.2167,-102.4677,11.91,76,20,3.6,CA,1690442111
484,road town,18.4167,-64.6167,28.05,77,100,7.78,VG,1690442155
485,waajid,3.8096,43.2463,27.91,45,11,10.26,SO,1690442075
486,zhaotong,27.3167,103.7167,21.53,80,100,1.54,CN,1690442131
487,aqadyr,48.2553,72.8483,30.84,24,75,7.24,KZ,1690442156
488,angatuba,-23.4897,-48.4128,16.22,65,10,0.25,BR,1690442156
489,buenaventura,3.8801,-77.0312,24.13,93,25,1.02,CO,1690442156
490,priozersk,61.0393,30.1291,22.83,54,32,0.78,RU,1690441901
491,novodvinsk,64.4165,40.8122,18.36,71,86,2.23,RU,1690442047
492,esperanza,19.5847,-70.9849,24.05,88,100,2.68,DO,1690442157
493,tongchuanshi,35.0806,109.0897,27.35,60,100,4.15,CN,1690442143
494,wucheng,29.6008,118.175,31.34,63,74,5.28,CN,1690442158
495,angaur state,6.906,134.13,26.84,81,100,8.9,PW,1690442158
496,encruzilhada do sul,-30.5439,-52.5219,5.94,98,19,1.48,BR,1690442158
497,gimbi,9.1667,35.8333,15.14,95,94,0.05,ET,1690442159
498,san luis,-33.295,-66.3356,8.11,47,100,1.61,AR,1690442047
499,maintirano,-18.0667,44.0167,25.48,51,0,2.25,MG,1690442159
500,brookings,44.3114,-96.7984,28.0,69,100,5.66,US,1690442159
501,oruro,-17.9833,-67.15,1.54,85,0,2.35,BO,1690442002
502,kayangel,8.0823,134.7173,25.81,90,100,12.16,PW,1690442161
503,riachao do jacuipe,-11.8069,-39.3856,18.27,95,65,2.12,BR,1690442161
504,matane,48.8286,-67.522,17.67,95,100,4.35,CA,1690442162
505,kailua-kona,19.6406,-155.9956,27.0,89,20,3.09,US,1690442162
506,hengchun,22.0042,120.7439,26.77,89,100,17.71,TW,1690441911
507,pecos,31.4229,-103.4932,29.61,34,0,3.6,US,1690442163
508,santana,-0.0583,-51.1817,24.1,100,40,1.03,BR,1690442163
509,colchani,-20.3,-66.9333,-0.35,37,0,2.82,BO,1690442163
510,lib,8.3122,167.3766,28.58,75,39,2.96,MH,1690442164
511,shiguai,40.7058,110.2856,28.98,37,100,3.45,CN,1690442164
512,dudinka,69.4058,86.1778,28.68,43,44,2.2,RU,1690442093
513,n'zeto,-7.2312,12.8666,21.36,86,72,3.76,AO,1690442165
514,taltal,-25.4,-70.4833,14.35,87,100,0.35,CL,1690442165
515,kuching,1.55,110.3333,37.29,55,20,2.24,MY,1690442165
516,oppdal,62.5943,9.6912,13.31,77,100,0.5,NO,1690442166
517,alice springs,-23.7,133.8833,22.75,53,100,3.09,AU,1690442051
518,great malvern,52.1116,-2.3252,18.54,94,100,1.79,GB,1690442166
519,hadibu,12.65,54.0333,27.18,66,90,15.43,YE,1690442141
520,merritt island,28.5392,-80.672,28.0,91,0,0.45,US,1690442167
521,christchurch,-43.5333,172.6333,9.95,58,75,9.26,NZ,1690442167
522,badulla,6.9895,81.0557,32.33,41,100,1.12,LK,1690442025
523,athens,37.9795,23.7162,33.65,34,0,5.36,GR,1690442103
524,whangarei,-35.7317,174.3239,10.8,76,7,5.12,NZ,1690442168
525,puerto aysen,-45.4,-72.7,2.45,99,100,0.41,CL,1690442168
526,wynyard,-41.0,145.7167,10.81,88,99,3.3,AU,1690442172
527,gamay,12.3854,125.2979,31.95,60,100,4.37,PH,1690442172
528,sao joao da barra,-21.6403,-41.0511,21.31,85,62,6.91,BR,1690442173
529,inarajan village,13.2736,144.7484,29.54,90,100,4.93,GU,1690442173
530,kuressaare,58.2481,22.5039,19.41,87,0,4.12,EE,1690442173
531,saudarkrokur,65.7461,-19.6394,9.22,80,6,1.66,IS,1690442174
532,paola,39.3599,16.0396,25.94,59,0,1.25,IT,1690442065
533,leua,48.2156,18.6071,18.61,58,0,3.98,SK,1690441907
534,darhan,49.4867,105.9228,27.37,41,2,2.11,MN,1690442174
535,zuunmod,47.7069,106.9528,23.57,38,87,5.66,MN,1690442175
536,"laikit, laikit ii (dimembe)",1.4792,124.9735,31.47,55,40,7.2,ID,1690442175
537,chadron,42.8294,-102.9999,23.25,45,0,2.24,US,1690442175
538,gladstone,-23.85,151.25,21.96,46,75,6.69,AU,1690442176
539,armacao de buzios,-22.7469,-41.8817,20.29,91,6,7.92,BR,1690442069
540,guasdualito,7.2424,-70.7324,25.0,100,100,1.54,VE,1690442176
541,chengam,12.3,78.8,32.81,45,99,9.82,IN,1690442177
542,howrah,22.5892,88.3103,32.0,79,75,4.12,IN,1690441457
543,yura,-16.2522,-71.6797,9.84,25,0,1.39,PE,1690442177
544,mwanza,-2.5167,32.9,22.44,44,86,5.83,TZ,1690442177
545,rikaze,29.25,88.8833,13.12,69,100,3.03,CN,1690442023
546,inongo,-1.95,18.2667,22.93,69,27,1.8,CD,1690442178
547,martapura,-3.4167,114.85,33.05,52,40,4.12,ID,1690442178
548,ola,59.5833,151.2833,18.97,98,100,1.91,RU,1690442178
549,cannonvale,-20.2833,148.7,20.66,70,96,7.73,AU,1690442179
550,fort bragg,35.139,-79.006,25.85,89,0,2.57,US,1690442179
551,kavaratti,10.5669,72.642,28.43,73,100,6.86,IN,1690442059
552,k'olito,7.3167,38.0833,17.5,86,100,3.25,ET,1690442179
553,kozova,49.4354,25.1509,11.93,92,100,7.24,UA,1690442180
554,albania,41.0,20.0,24.99,61,0,1.05,AL,1690442180
555,kruisfontein,-34.0033,24.7314,11.05,69,1,2.58,ZA,1690442180
556,namibe,-15.1961,12.1522,16.36,86,77,0.99,AO,1690442180
557,mokshan,53.4365,44.6132,27.05,56,16,6.25,RU,1690442181
558,sinop,41.7711,34.8709,23.24,29,0,3.47,TR,1690442181
559,karema,-6.8205,30.4389,23.83,39,37,4.68,TZ,1690442181
560,atani,6.0294,6.7472,25.03,92,100,1.96,NG,1690442182
561,norrtalje,59.758,18.705,18.24,54,93,2.27,SE,1690442182
562,karoi,-16.8099,29.6925,15.54,71,77,4.03,ZW,1690442182
563,ambon,-3.6954,128.1814,26.08,89,40,1.03,ID,1690442161
564,bukama,-9.2,25.85,26.04,30,97,1.49,CD,1690442183
565,phang nga,8.4509,98.5298,31.02,79,100,3.61,TH,1690442183
566,zouerate,22.7187,-12.4521,25.99,31,88,6.71,MR,1690442183
567,nouadhibou,20.931,-17.0347,22.99,73,12,7.2,MR,1690442121
568,ngereklmadel,7.4883,134.4856,26.05,89,100,6.17,PW,1690442184
569,romanovo,52.6182,81.2271,27.19,31,100,1.36,RU,1690442184
570,la gi,10.6667,107.7833,28.5,81,100,5.89,VN,1690442184
571,stephenville,32.2207,-98.2023,29.93,49,96,0.89,US,1690442184
572,rapar,23.5667,70.6333,32.0,63,100,6.47,IN,1690442185
573,oederan,50.8667,13.1667,17.75,69,100,4.78,DE,1690442185
574,carbondale,37.7273,-89.2168,28.0,85,75,5.14,US,1690441942
575,xinqing,48.2333,129.5,23.65,86,100,1.22,CN,1690442186
576,tazacorte,28.629,-17.9293,22.54,76,75,4.63,ES,1690442186
577,sambava,-14.2667,50.1667,23.95,72,40,7.59,MG,1690442186
578,kincardine,56.0667,-3.7167,14.73,94,100,1.73,GB,1690442186
579,narrabri,-30.3167,149.7833,18.07,51,0,1.44,AU,1690442187
580,al bawiti,28.3492,28.8659,33.27,23,5,1.93,EG,1690442155
581,videira,-27.0083,-51.1517,14.73,94,100,0.89,BR,1690442167
582,codrington,-38.2667,141.9667,14.96,66,98,6.06,AU,1690442187
583,dubno,50.4169,25.7343,13.96,95,100,7.32,UA,1690442188
584,fort mcmurray,56.7268,-111.381,12.77,87,100,2.57,CA,1690442188
585,shira,54.4911,89.9531,25.68,38,15,2.99,RU,1690442188
586,biltine,14.5333,20.9167,28.64,59,79,5.27,TD,1690442188
587,marshfield,44.6689,-90.1718,19.97,100,0,0.0,US,1690442189
588,cruzeiro do sul,-29.5128,-51.9853,12.27,91,13,0.9,BR,1690442189
589,skovorodino,53.9833,123.9167,30.13,37,100,2.59,RU,1690442189
590,slave lake,55.2834,-114.769,12.99,88,100,2.57,CA,1690442190
591,paracuru,-3.41,-39.0306,24.5,85,5,5.58,BR,1690442190
592,homer,59.6425,-151.5483,13.93,85,75,1.54,US,1690442190
593,timimoun,29.2639,0.231,35.21,11,0,2.06,DZ,1690442191
594,swakopmund,-22.6833,14.5333,12.21,90,0,0.89,NA,1690442085
595,salmon arm,50.6998,-119.3024,14.62,72,0,1.03,CA,1690442191
596,nyurba,63.2842,118.3319,24.12,31,24,3.02,RU,1690442191
597,ulladulla,-35.35,150.4667,18.08,41,0,3.8,AU,1690441923
598,bairnsdale,-37.8333,147.6167,12.25,68,0,1.65,AU,1690442192
599,lhokseumawe,5.1801,97.1507,31.04,66,54,4.06,ID,1690442192
600,la'ie,21.6477,-157.9253,26.98,81,36,3.58,US,1690442192
601,balod,20.73,81.2047,32.76,59,96,4.06,IN,1690442193
